Year,Month,Index
1950,3,-1.35
1950,4,-1.26
1950,5,-1.36
1950,6,-1.26
1950,7,-0.97
1950,8,-0.66
1950,9,-0.36
1950,10,-0.6
1950,11,-0.54
1950,12,-0.38
1951,1,-0.13
1951,2,-0.11
1951,3,-0.07
1951,4,0.28
1951,5,1.06
1951,6,1.75
1951,7,2.11
1951,8,1.78
1951,9,1.39
1951,10,1.21
1951,11,1.04
1951,12,0.77
1952,1,0.47
1952,2,0.29
1952,3,-0.07
1952,4,-0.34
1952,5,-0.57
1952,6,-0.55
1952,7,-0.58
1952,8,-0.67
1952,9,-0.51
1952,10,-0.42
1952,11,-0.1
1952,12,-0.08
1953,1,0.17
1953,2,0.57
1953,3,1.26
1953,4,1.6
1953,5,1.44
1953,6,0.96
1953,7,0.71
1953,8,0.77
1953,9,0.72
1953,10,0.62
1953,11,0.29
1953,12,-0.29
1954,1,-0.66
1954,2,-0.86
1954,3,-1.2
1954,4,-1.78
1954,5,-2.21
1954,6,-2.15
1954,7,-1.74
1954,8,-1.46
1954,9,-1.19
1954,10,-1.12
1954,11,-1.01
1954,12,-0.63
1955,1,-0.56
1955,2,-0.54
1955,3,-0.58
1955,4,-0.85
1955,5,-1.01
1955,6,-1.13
1955,7,-0.98
1955,8,-0.86
1955,9,-0.94
1955,10,-1.01
1955,11,-1.11
1955,12,-1.08
1956,1,-0.98
1956,2,-0.66
1956,3,-0.49
1956,4,-0.38
1956,5,-0.38
1956,6,-0.01
1956,7,0.22
1956,8,0.17
1956,9,-0.22
1956,10,-0.46
1956,11,-0.61
1956,12,-0.84
1957,1,-0.52
1957,2,0.14
1957,3,1.07
1957,4,1.85
1957,5,2.31
1957,6,2.61
1957,7,2.24
1957,8,1.91
1957,9,1.53
1957,10,1.35
1957,11,1.23
1957,12,0.99
1958,1,0.82
1958,2,0.77
1958,3,1.01
1958,4,1.04
1958,5,0.86
1958,6,0.6
1958,7,0.37
1958,8,0.23
1958,9,0.14
1958,10,0.17
1958,11,0.13
1958,12,-0.13
1959,1,-0.2
1959,2,0.09
1959,3,0.44
1959,4,0.5
1959,5,0.19
1959,6,-0.02
1959,7,-0.24
1959,8,-0.29
1959,9,-0.25
1959,10,0.11
1959,11,0.29
1959,12,0.3
1960,1,0.11
1960,2,0.05
1960,3,-0.25
1960,4,-0.5
1960,5,-0.84
1960,6,-0.88
1960,7,-0.82
1960,8,-0.44
1960,9,-0.24
1960,10,-0.07
1960,11,-0.08
1960,12,0.13
1961,1,0.42
1961,2,0.26
1961,3,0.03
1961,4,-0.41
1961,5,-0.47
1961,6,-0.66
1961,7,-0.66
1961,8,-0.64
1961,9,-0.49
1961,10,-0.39
1961,11,-0.37
1961,12,-0.3
1962,1,-0.34
1962,2,-0.78
1962,3,-1.34
1962,4,-1.59
1962,5,-1.29
1962,6,-0.97
1962,7,-0.75
1962,8,-0.53
1962,9,-0.43
1962,10,-0.47
1962,11,-0.58
1962,12,-0.51
1963,1,-0.56
1963,2,-0.52
1963,3,-0.68
1963,4,-0.57
1963,5,-0.54
1963,6,-0.22
1963,7,0.02
1963,8,0.34
1963,9,0.5
1963,10,0.42
1963,11,0.29
1963,12,0.07
1964,1,-0.27
1964,2,-0.6
1964,3,-0.79
1964,4,-1.24
1964,5,-1.43
1964,6,-1.63
1964,7,-1.31
1964,8,-1.03
1964,9,-0.87
1964,10,-0.61
1964,11,-0.61
1964,12,-0.36
1965,1,-0.23
1965,2,0.14
1965,3,0.8
1965,4,1.47
1965,5,1.91
1965,6,1.87
1965,7,1.86
1965,8,1.6
1965,9,1.36
1965,10,1.06
1965,11,1.08
1965,12,1.12
1966,1,0.74
1966,2,0.06
1966,3,-0.66
1966,4,-1.02
1966,5,-1.06
1966,6,-1.03
1966,7,-0.92
1966,8,-0.7
1966,9,-0.41
1966,10,-0.35
1966,11,-0.29
1966,12,-0.45
1967,1,-0.3
1967,2,-0.43
1967,3,-0.33
1967,4,-0.44
1967,5,-0.47
1967,6,-0.56
1967,7,-0.69
1967,8,-0.87
1967,9,-1.04
1967,10,-1.16
1967,11,-1.2
1967,12,-1.17
1968,1,-1.04
1968,2,-0.95
1968,3,-1.07
1968,4,-1.32
1968,5,-1.41
1968,6,-1.13
1968,7,-0.51
1968,8,0.19
1968,9,0.44
1968,10,0.44
1968,11,0.32
1968,12,0.25
1969,1,-0.02
1969,2,0.04
1969,3,0.42
1969,4,1.12
1969,5,1.36
1969,6,1.21
1969,7,0.76
1969,8,0.41
1969,9,0.46
1969,10,0.7
1969,11,0.93
1969,12,0.85
1970,1,0.51
1970,2,-0.14
1970,3,-0.58
1970,4,-1.05
1970,5,-1.22
1970,6,-1.67
1970,7,-1.66
1970,8,-1.5
1970,9,-1.07
1970,10,-0.86
1970,11,-0.72
1970,12,-0.78
1971,1,-0.92
1971,2,-1.05
1971,3,-0.84
1971,4,-0.71
1971,5,-0.67
1971,6,-0.72
1971,7,-0.69
1971,8,-0.63
1971,9,-0.73
1971,10,-0.55
1971,11,-0.43
1971,12,-0.19
1972,1,0.1
1972,2,0.56
1972,3,0.93
1972,4,1.09
1972,5,1.52
1972,6,2.01
1972,7,2.57
1972,8,2.39
1972,9,2.12
1972,10,1.75
1972,11,1.96
1972,12,1.93
1973,1,1.58
1973,2,0.78
1973,3,0.02
1973,4,-0.54
1973,5,-0.98
1973,6,-1.12
1973,7,-1.26
1973,8,-1.21
1973,9,-1.17
1973,10,-0.97
1973,11,-0.85
1973,12,-0.9
1974,1,-0.98
1974,2,-0.86
1974,3,-0.51
1974,4,-0.08
1974,5,-0.04
1974,6,-0.12
1974,7,-0.25
1974,8,-0.21
1974,9,-0.35
1974,10,-0.46
1974,11,-0.71
1974,12,-0.73
1975,1,-0.82
1975,2,-0.4
1975,3,0.06
1975,4,0.15
1975,5,-0.23
1975,6,-0.59
1975,7,-0.6
1975,8,-0.67
1975,9,-1
1975,10,-1.38
1975,11,-1.46
1975,12,-1.14
1976,1,-0.65
1976,2,-0.27
1976,3,0.13
1976,4,0.65
1976,5,1.33
1976,6,1.83
1976,7,1.96
1976,8,1.78
1976,9,1.35
1976,10,1.05
1976,11,0.91
1976,12,0.83
1977,1,0.53
1977,2,0.26
1977,3,0
1977,4,-0.17
1977,5,-0.31
1977,6,-0.32
1977,7,-0.31
1977,8,-0.45
1977,9,-0.46
1977,10,-0.3
1977,11,-0.07
1977,12,-0.05
1978,1,-0.03
1978,2,-0.25
1978,3,-0.31
1978,4,-0.59
1978,5,-0.63
1978,6,-0.77
1978,7,-0.85
1978,8,-0.72
1978,9,-0.69
1978,10,-0.25
1978,11,0.04
1978,12,0.36
1979,1,0.16
1979,2,-0.08
1979,3,-0.09
1979,4,0.06
1979,5,0.35
1979,6,0.26
1979,7,0.27
1979,8,0.32
1979,9,0.53
1979,10,0.58
1979,11,0.39
1979,12,0.12
1980,1,-0.05
1980,2,0.03
1980,3,0.13
1980,4,0.09
1980,5,-0.04
1980,6,-0.3
1980,7,-0.24
1980,8,-0.21
1980,9,-0.11
1980,10,-0.14
1980,11,-0.18
1980,12,-0.5
1981,1,-0.69
1981,2,-0.74
1981,3,-0.53
1981,4,-0.47
1981,5,-0.5
1981,6,-0.56
1981,7,-0.63
1981,8,-0.73
1981,9,-0.67
1981,10,-0.5
1981,11,-0.29
1981,12,-0.16
1982,1,-0.25
1982,2,-0.58
1982,3,-0.75
1982,4,-0.58
1982,5,-0.09
1982,6,0.42
1982,7,0.87
1982,8,1.26
1982,9,1.66
1982,10,2.4
1982,11,3.08
1982,12,3.4
1983,1,3.03
1983,2,2.72
1983,3,2.99
1983,4,3.62
1983,5,4.25
1983,6,4.4
1983,7,4.05
1983,8,3.06
1983,9,2.06
1983,10,1.16
1983,11,0.69
1983,12,0.12
1984,1,-0.39
1984,2,-0.76
1984,3,-0.61
1984,4,-0.6
1984,5,-0.53
1984,6,-0.65
1984,7,-0.47
1984,8,-0.23
1984,9,-0.16
1984,10,0.04
1984,11,-0.01
1984,12,-0.14
1985,1,-0.66
1985,2,-0.87
1985,3,-1.03
1985,4,-1.13
1985,5,-1.23
1985,6,-1.27
1985,7,-1.07
1985,8,-0.97
1985,9,-0.78
1985,10,-0.65
1985,11,-0.44
1985,12,-0.13
1986,1,0.1
1986,2,-0.03
1986,3,-0.36
1986,4,-0.72
1986,5,-0.82
1986,6,-0.71
1986,7,-0.33
1986,8,0.12
1986,9,0.39
1986,10,0.55
1986,11,0.72
1986,12,1.01
1987,1,1.27
1987,2,1.53
1987,3,1.72
1987,4,1.82
1987,5,1.62
1987,6,1.35
1987,7,1.07
1987,8,1.11
1987,9,1.27
1987,10,1.4
1987,11,1.25
1987,12,0.74
1988,1,0.22
1988,2,-0.32
1988,3,-0.63
1988,4,-0.92
1988,5,-1.19
1988,6,-1.4
1988,7,-1.56
1988,8,-1.52
1988,9,-1.43
1988,10,-1.13
1988,11,-0.87
1988,12,-0.57
1989,1,-0.33
1989,2,-0.14
1989,3,-0.04
1989,4,-0.38
1989,5,-0.66
1989,6,-0.91
1989,7,-0.59
1989,8,-0.47
1989,9,-0.35
1989,10,-0.32
1989,11,-0.21
1989,12,-0.2
1990,1,-0.21
1990,2,-0.24
1990,3,-0.25
1990,4,-0.24
1990,5,-0.16
1990,6,-0.19
1990,7,-0.25
1990,8,-0.33
1990,9,-0.36
1990,10,-0.43
1990,11,-0.46
1990,12,-0.41
1991,1,-0.3
1991,2,-0.18
1991,3,-0.08
1991,4,-0.12
1991,5,-0.03
1991,6,0.26
1991,7,0.55
1991,8,0.71
1991,9,0.79
1991,10,0.94
1991,11,1.06
1991,12,1.01
1992,1,1.03
1992,2,1.24
1992,3,1.88
1992,4,2.4
1992,5,2.23
1992,6,1.43
1992,7,0.63
1992,8,0.31
1992,9,0.29
1992,10,0.29
1992,11,0.24
1992,12,0.2
1993,1,0.28
1993,2,0.51
1993,3,0.96
1993,4,1.25
1993,5,1.41
1993,6,1.28
1993,7,1.14
1993,8,0.91
1993,9,0.81
1993,10,0.67
1993,11,0.51
1993,12,0.25
1994,1,0.04
1994,2,-0.3
1994,3,-0.7
1994,4,-0.95
1994,5,-0.88
1994,6,-0.68
1994,7,-0.61
1994,8,-0.33
1994,9,0.18
1994,10,0.67
1994,11,0.97
1994,12,0.97
1995,1,0.83
1995,2,0.37
1995,3,-0.44
1995,4,-0.98
1995,5,-1.18
1995,6,-0.91
1995,7,-0.58
1995,8,-0.34
1995,9,-0.32
1995,10,-0.31
1995,11,-0.55
1995,12,-0.62
1996,1,-0.69
1996,2,-0.53
1996,3,-0.95
1996,4,-1.24
1996,5,-1.73
1996,6,-1.47
1996,7,-1.28
1996,8,-0.85
1996,9,-0.63
1996,10,-0.69
1996,11,-0.82
1996,12,-0.87
1997,1,-0.55
1997,2,0.01
1997,3,0.61
1997,4,1.38
1997,5,2.18
1997,6,3.1
1997,7,3.77
1997,8,4.13
1997,9,4.13
1997,10,4.28
1997,11,4.33
1997,12,4.3
1998,1,3.64
1998,2,3.14
1998,3,2.86
1998,4,2.91
1998,5,2.72
1998,6,2.25
1998,7,1.59
1998,8,0.85
1998,9,0.42
1998,10,0.04
1998,11,-0.07
1998,12,-0.39
1999,1,-0.51
1999,2,-0.48
1999,3,-0.52
1999,4,-0.51
1999,5,-0.67
1999,6,-0.42
1999,7,-0.24
1999,8,-0.38
1999,9,-0.57
1999,10,-0.94
1999,11,-0.8
1999,12,-0.8
2000,1,-0.67
2000,2,-0.67
2000,3,-0.44
2000,4,-0.29
2000,5,-0.15
2000,6,-0.16
2000,7,-0.24
2000,8,-0.27
2000,9,-0.3
2000,10,-0.5
2000,11,-0.72
2000,12,-0.84
2001,1,-0.63
2001,2,-0.29
2001,3,-0.05
2001,4,-0.14
2001,5,-0.49
2001,6,-0.72
2001,7,-0.76
2001,8,-0.81
2001,9,-1.01
2001,10,-1.02
2001,11,-0.99
2001,12,-0.9
2002,1,-0.64
2002,2,-0.06
2002,3,0.49
2002,4,0.73
2002,5,0.58
2002,6,0.26
2002,7,0.04
2002,8,0.07
2002,9,0.27
2002,10,0.66
2002,11,0.92
2002,12,0.85
2003,1,0.48
2003,2,0.07
2003,3,-0.18
2003,4,-0.69
2003,5,-1.13
2003,6,-1.39
2003,7,-0.91
2003,8,-0.64
2003,9,-0.21
2003,10,-0.08
2003,11,0.18
2003,12,0.06
2004,1,-0.06
2004,2,-0.37
2004,3,-0.45
2004,4,-0.89
2004,5,-0.96
2004,6,-1
2004,7,-0.75
2004,8,-0.53
2004,9,-0.23
2004,10,0.26
2004,11,0.47
2004,12,0.38
2005,1,-0.21
2005,2,-0.84
2005,3,-0.96
2005,4,-0.76
2005,5,-0.5
2005,6,-0.45
2005,7,-0.47
2005,8,-0.48
2005,9,-0.81
2005,10,-1.13
2005,11,-1.15
2005,12,-0.88
2006,1,-0.41
2006,2,-0.26
2006,3,-0.65
2006,4,-0.91
2006,5,-0.88
2006,6,-0.26
2006,7,0.21
2006,8,0.61
2006,9,0.88
2006,10,0.9
2006,11,0.84
2006,12,0.73
2007,1,0.56
2007,2,0.16
2007,3,-0.47
2007,4,-1.16
2007,5,-1.57
2007,6,-1.54
2007,7,-1.33
2007,8,-1.08
2007,9,-1.2
2007,10,-1.35
2007,11,-1.56
2007,12,-1.24
2008,1,-0.61
2008,2,0.06
2008,3,0.34
2008,4,0.44
2008,5,0.5
2008,6,0.71
2008,7,0.97
2008,8,1.11
2008,9,0.89
2008,10,0.36
2008,11,-0.11
2008,12,-0.29
2009,1,-0.45
2009,2,-0.61
2009,3,-0.46
2009,4,-0.19
2009,5,0.26
2009,6,0.35
2009,7,0.54
2009,8,0.54
2009,9,0.43
2009,10,0.3
2009,11,0.32
2009,12,0.34
2010,1,0.31
2010,2,0.16
2010,3,0.01
2010,4,0.01
2010,5,-0.02
2010,6,-0.34
2010,7,-0.87
2010,8,-1.31
2010,9,-1.4
2010,10,-1.4
2010,11,-1.29
2010,12,-1.01
2011,1,-0.61
2011,2,-0.61
2011,3,-0.49
2011,4,-0.37
2011,5,0.07
2011,6,0.19
2011,7,0.11
2011,8,-0.19
2011,9,-0.49
2011,10,-0.62
2011,11,-0.64
2011,12,-0.47
2012,1,-0.2
2012,2,0.09
2012,3,0.48
2012,4,0.63
2012,5,0.9
2012,6,0.74
2012,7,0.49
2012,8,0.19
2012,9,-0.06
2012,10,-0.24
2012,11,-0.58
2012,12,-0.7
2013,1,-0.84
2013,2,-0.8
2013,3,-1.05
2013,4,-1.33
2013,5,-1.69
2013,6,-1.77
2013,7,-1.61
2013,8,-1.27
2013,9,-1
2013,10,-0.79
2013,11,-0.67
2013,12,-0.39
2014,1,-0.37
2014,2,-0.34
2014,3,-0.41
2014,4,0.07
2014,5,0.67
2014,6,1.07
2014,7,1.07
2014,8,0.82
2014,9,0.66
2014,10,0.61
2014,11,0.5
2014,12,0.27
2015,1,-0.14
2015,2,-0.23
2015,3,0.12
2015,4,0.77
2015,5,1.46
2015,6,1.98
2015,7,2.03
2015,8,2.05
2015,9,1.89
2015,10,2.1
2015,11,2.1
2015,12,1.98
2016,1,1.68
2016,2,1.41
2016,3,0.99
2016,4,0.7
2016,5,0.43
2016,6,0.28
2016,7,0.11
2016,8,0.03
2016,9,0.04
2016,10,0.01
2016,11,-0.05
2016,12,0.13
2017,1,0.56
2017,2,0.97
2017,3,1.07
2017,4,0.71
2017,5,0.11
2017,6,-0.34
2017,7,-0.52
2017,8,-0.7
2017,9,-0.86
2017,10,-1.17
2017,11,-1.35
2017,12,-1.5
2018,1,-1.4
2018,2,-1.39
2018,3,-1.34
2018,4,-1.28
2018,5,-1.04
2018,6,-0.8
2018,7,-0.6
2018,8,-0.39
2018,9,-0.24
2018,10,0.09
2018,11,0.49
2018,12,0.85
2019,1,0.83
2019,2,0.49
2019,3,0.25
2019,4,0.13
2019,5,0
2019,6,-0.38
2019,7,-0.75
2019,8,-0.89
2019,9,-0.96
2019,10,-0.82
2019,11,-0.64
2019,12,-0.54
2020,1,-0.48
2020,2,-0.53
2020,3,-0.29
2020,4,-0.21
2020,5,-0.37
2020,6,-0.91
2020,7,-1.31
2020,8,-1.48
2020,9,-1.25
2020,10,-1.12
2020,11,-0.98
2020,12,-1.06
2021,1,-1.07
2021,2,-1.06
2021,3,-1.04
2021,4,-1.03
2021,5,-0.89
2021,6,-0.65
2021,7,-0.49
2021,8,-0.58
2021,9,-0.77
2021,10,-1
2021,11,-1.34
2021,12,-1.5
2022,1,-1.72
2022,2,-1.38
2022,3,-1.4
2022,4,-1.38
2022,5,-1.68
2022,6,-1.69
2022,7,-1.29
2022,8,-1.09
2022,9,-1.27
2022,10,-1.54
2022,11,-1.39
2022,12,-0.99
2023,1,-0.48
2023,2,0.13
2023,3,1.15
2023,4,1.75
2023,5,2.08
2023,6,2.17
2023,7,2.55
2023,8,2.58
2023,9,2.42
2023,10,2.01
2023,11,1.71
2023,12,1.3
2024,1,0.91
2024,2,0.55
2024,3,0.13
2024,4,-0.58
2024,5,-1.11
2024,6,-1.38
2024,7,-1.15
2024,8,-1.1
2024,9,-0.98
2024,10,-0.83
2024,11,-0.56
2024,12,-0.52
2025,1,-0.41
2025,2,-0.07
2025,3,0.2
2025,4,0.13
2025,5,-0.12
2025,6,-0.13
2025,7,-0.06
2025,8,-0.26
2025,9,-0.47
2025,10,-0.67
2025,11,-0.77
2025,12,-0.84
